9601,TRAVEL Comfortable Journey,1,0,0,0,0,20,20,Comfortable Journey,Start with +2 item slots and +20 chips. Heal 10 life after each combat.,0,0,0,onGameStart,upgrade,Equipment Slot,2,,onGameStart,add,chips,20,,onCombatWin,add,life,10,,,,,,,,,,,,,,,,
9603,TRAVEL Travel Purse,1,0,0,0,0,20,20,Travel Purse,Start with 20 extra chips.,0,0,0,onGameStart,add,chips,20,,,,,,,,,,,,,,,,,,,,,,,,,,
9604,TRAVEL Gem Reserve,1,0,0,0,0,20,20,Gem Reserve,Start with 20 extra gems and +20 maximum gems.,0,0,0,onGameStart,add,maxGems,20,,onGameStart,add,gems,20,,,,,,,,,,,,,,,,,,,,,
9610,TRAVEL Perfect Supplies,1,0,0,0,0,20,20,Perfect Supplies,"Gain 1 energy, 1 food and 1 gem on every Perfect Kill.",0,0,0,onPerfectKill,addAfterCombat,energy,1,,onPerfectKill,addAfterCombat,food,1,,onPerfectKill,addAfterCombat,gems,1,,,,,,,,,,,,,,,,
9611,TRAVEL Drawstone,1,0,0,0,0,20,20,Drawstone,Start with a Drawstone. Keep all your normal item slots.,0,0,0,onGameStart,gain,item,2,,,,,,,,,,,,,,,,,,,,,,,,,,
9612,TRAVEL Consumable Kit,1,0,0,0,0,20,20,Consumable Kit,Start with 3 random consumables.,0,0,0,onGameStart,gainRandomConsumables,3,,,,,,,,,,,,,,,,,,,,,,,,,,,
9614,TRAVEL Scouts Purse,1,0,0,0,0,20,20,Scouts Purse,Start with +2 sight range and +20 chips. Keep your normal food.,0,0,0,onGameStart,upgrade,World Map Sight Range,2,,onGameStart,add,chips,20,,,,,,,,,,,,,,,,,,,,,
9615,TRAVEL Victory Income,1,0,0,0,0,20,20,Victory Income,Gain 1 extra chip after each combat victory.,0,0,0,onCombatWin,add,chips,1,,,,,,,,,,,,,,,,,,,,,,,,,,
9617,TRAVEL Lucky Salvage,1,0,0,0,0,20,20,Lucky Salvage,Items scrap for 50% of their price instead of 25%.,0,0,0,onGameStart,multiplyGlobalVariable,itemTrashChipsRatio,2,,,,,,,,,,,,,,,,,,,,,,,,,,
9618,TRAVEL Treasure Trail,1,0,0,0,0,20,20,Treasure Trail,Three times as many Treasure locations.,0,0,0,onCreateWorld,multiply,spawnChance,Treasure,3,,,,,,,,,,,,,,,,,,,,,,,,,
9869,TRAVEL Easy Mode,1,0,0,0,0,,,Easy Mode,Reveal one hidden enemy card each round.,0,0,0,onCombatRoundStart,reveal,1,,,,,,,,,,,,,,,,,,,,,,,,,,,
9616,TRAVEL Strong Attacks,1,0,0,0,0,8,15,Strong Attacks,Your attack damage is increased by 25%. Other damage types are unchanged.,0,0,0,onGameStart,set,heroAttackModifier,1.25,,,,,,,,,,,,,,,,,,,,,,,,,,
9771,TRAVEL Hardy,1,0,0,0,0,12,13,Hardy,Start with Attack Resist 1. Keep normal maximum life.,0,0,0,onGameStart,add,resist,attack,1,,,,,,,,,,,,,,,,,,,,,,,,,
9609,TRAVEL Combat Restoration,1,0,0,0,0,10,10,Combat Restoration,Heal 10 life after each combat victory. Keep normal maximum life.,0,0,0,onCombatWin,add,life,10,,,,,,,,,,,,,,,,,,,,,,,,,,
9607,TRAVEL Energy Master,1,0,0,0,0,11,12,Energy Master,Gain 1 extra energy per world map movement. Do not lose gems.,0,0,0,onMapMove,add,energy,1,,,,,,,,,,,,,,,,,,,,,,,,,,
9608,TRAVEL Gem Master,1,0,0,0,0,11,11,Gem Master,Gain 1 gem each world map movement. Keep normal energy regeneration.,0,0,0,onMapMove,add,gem,1,,,,,,,,,,,,,,,,,,,,,,,,,,
9751,TRAVEL Sensitivity,1,0,0,0,0,5,10,Sensitivity,Gain 1 energy whenever you gain life. Losing life does not cost energy.,0,0,0,onGainLife,add,energy,1,,,,,,,,,,,,,,,,,,,,,,,,,,
9788,TRAVEL Restless,1,0,0,0,0,NEW,,Restless,Monsters lose Draw 1 after a turn in which they activate an item.,0,0,0,onMonsterEndTurnWithItemsUsed,subtract,monsterDraw,1,,,,,,,,,,,,,,,,,,,,,,,,,,
9864,TRAVEL Loot World,1,0,0,0,0,15,15,Loot World,Gain a random item after each combat victory. Keep normal scrap values.,0,0,0,onCombatWin,gainRandomItem,1,,,,,,,,,,,,,,,,,,,,,,,,,,,
9828,TRAVEL Lightning Certainty,1,0,0,0,0,10,10,Lightning Certainty,Always preview Lightning in combat. Its random rolls are unchanged.,0,0,0,onCombatStart,alwaysShowNextLightning,,,,,,,,,,,,,,,,,,,,,,,,,,,,
9602,TRAVEL Extra Slots,1,0,0,0,0,11,11,Extra Slots,Start with two extra item slots. Keep normal chips.,0,0,0,onGameStart,upgrade,Equipment Slot,2,,,,,,,,,,,,,,,,,,,,,,,,,,
9720,TRAVEL Greed,1,0,0,0,0,11,15,Greed,Start with 20 extra chips. Keep normal maximum life.,0,0,0,onGameStart,add,chips,20,,,,,,,,,,,,,,,,,,,,,,,,,,
9708,TRAVEL Gems for Chips,1,0,0,0,0,11,11,Gems for Chips,Start with 20 extra gems and +20 maximum gems. Keep normal chips and energy.,0,0,0,onGameStart,add,maxGems,20,,onGameStart,add,gems,20,,,,,,,,,,,,,,,,,,,,,
9605,TRAVEL Gem Backpack,1,0,0,0,0,10,10,Gem Backpack,Start with +50 maximum gems. Keep normal starting gems.,0,0,0,onGameStart,add,maxGems,50,,,,,,,,,,,,,,,,,,,,,,,,,,
9606,TRAVEL Energy Hoard,1,0,0,0,0,8,8,Energy Hoard,Start with +25 maximum energy.,0,0,0,onGameStart,add,maxEnergy,25,,,,,,,,,,,,,,,,,,,,,,,,,,
9767,TRAVEL Farseer,1,0,0,0,0,13,15,Farseer,Start with 5 extra sight.,0,0,0,onGameStart,upgrade,World Map Sight Range,5,,,,,,,,,,,,,,,,,,,,,,,,,,
9726,TRAVEL Hungry,1,0,0,0,0,11,11,Hungry,Start with +2 sight and +20 chips. Keep normal food.,0,0,0,onGameStart,upgrade,World Map Sight Range,2,,onGameStart,add,chips,20,,,,,,,,,,,,,,,,,,,,,
9716,TRAVEL Random Item,1,0,0,0,0,10,10,Random Item,Start with a random item. Keep normal chips.,0,0,0,onGameStart,gainRandomItem,1,,,,,,,,,,,,,,,,,,,,,,,,,,,
9717,TRAVEL 3 Consumables,1,0,0,0,0,10,10,3 Consumables,Start with 3 random consumables. Keep normal chips.,0,0,0,onGameStart,gainRandomConsumables,3,,,,,,,,,,,,,,,,,,,,,,,,,,,
9719,TRAVEL Draw Stone,1,0,0,0,0,10,10,Draw Stone,Start with a Drawstone. Keep all normal item slots.,0,0,0,onGameStart,gain,item,2,,,,,,,,,,,,,,,,,,,,,,,,,,
9613,TRAVEL Bottled Shop,1,0,0,0,0,10,10,Bottled Shop,Start with a bottled shop. Keep normal chips.,0,0,0,onGameStart,gain,item,149,,,,,,,,,,,,,,,,,,,,,,,,,,
9705,TRAVEL 10 Chips for Resources,1,0,0,0,0,9,10,10 Chips for Resources,Start with 15 extra chips. Keep all normal resources.,0,0,0,onGameStart,add,chips,15,,,,,,,,,,,,,,,,,,,,,,,,,,
9723,TRAVEL 5 Chips for Resources,1,0,0,0,0,9,9,5 Chips for Resources,Start with 5 extra chips. Keep normal energy and gems.,0,0,0,onGameStart,add,chips,5,,,,,,,,,,,,,,,,,,,,,,,,,,
9756,TRAVEL Unprepared,1,0,0,0,0,9,11,Unprepared,Start with a bottled shop and +25 chips. Keep normal items.,0,0,0,onGameStart,gain,item,149,,onGameStart,add,chips,25,,,,,,,,,,,,,,,,,,,,,
9777,TRAVEL Unprepared+,1,0,0,0,0,8,8,Unprepared+,Start with a bottled shop and +20 chips. Keep normal items.,0,0,0,onGameStart,gain,item,149,,onGameStart,add,chips,20,,,,,,,,,,,,,,,,,,,,,
9766,TRAVEL Shopster,1,0,0,0,0,12,16,Shopster,Start with two bottled shops and +30 chips. Keep normal items.,0,0,0,onGameStart,gain,item,149,2,onGameStart,add,chips,30,,,,,,,,,,,,,,,,,,,,,
9826,TRAVEL Draft,1,0,0,0,0,10,10,Draft,"Start with 3 bottled shops and +60 chips. Keep normal Draw, slots and Gem Draw. No forced scrapping.",0,0,0,onGameStart,gain,item,149,3,onGameStart,add,chips,60,,,,,,,,,,,,,,,,,,,,,
9830,TRAVEL Many Wields,1,0,0,0,0,11,13,Many Wields,Start with all available item slots. Keep normal blacksmith prices.,0,0,0,onGameStart,upgrade,Equipment Slot,8,,,,,,,,,,,,,,,,,,,,,,,,,,
9704,TRAVEL Perfect Energy,1,0,0,0,0,11,11,Perfect Energy,Gain 1 energy on every Perfect Kill. Keep normal starting energy.,0,0,0,onPerfectKill,addAfterCombat,energy,1,,,,,,,,,,,,,,,,,,,,,,,,,,
9706,TRAVEL Perfect Food,1,0,0,0,0,11,11,Perfect Food,Gain 1 food on every Perfect Kill. Keep normal starting food and chips.,0,0,0,onPerfectKill,addAfterCombat,food,1,,,,,,,,,,,,,,,,,,,,,,,,,,
9707,TRAVEL Perfect Gems,1,0,0,0,0,11,11,Perfect Gems,Gain 1 gem on every Perfect Kill. Keep normal starting gems and chips.,0,0,0,onPerfectKill,addAfterCombat,gems,1,,,,,,,,,,,,,,,,,,,,,,,,,,
9762,TRAVEL Life Absorber,1,0,0,0,0,6,11,Life Absorber,Gain 3 maximum life on every Perfect Kill. Moving does not reduce maximum life.,0,0,0,onPerfectKill,addAfterCombat,maxLife,3,,,,,,,,,,,,,,,,,,,,,,,,,,
9727,TRAVEL Poor,1,0,0,0,0,11,11,Poor,Gain 1 extra chip after each combat victory. Keep normal starting chips.,0,0,0,onCombatWin,add,chips,1,,,,,,,,,,,,,,,,,,,,,,,,,,
9728,TRAVEL Scrappy,1,0,0,0,0,10,11,Scrappy,Items scrap for 50% of their price instead of 25%. Keep normal starting chips.,0,0,0,onGameStart,multiplyGlobalVariable,itemTrashChipsRatio,2,,,,,,,,,,,,,,,,,,,,,,,,,,
9731,TRAVEL More Taverns,1,0,0,0,0,10,10,More Taverns,Three times as many Tavern locations.,0,0,0,onCreateWorld,multiply,spawnChance,Tavern,3,,,,,,,,,,,,,,,,,,,,,,,,,
9732,TRAVEL More Inns,1,0,0,0,0,10,10,More Inns,Three times as many Inn locations.,0,0,0,onCreateWorld,multiply,spawnChance,Inn,3,,,,,,,,,,,,,,,,,,,,,,,,,
9733,TRAVEL More Guilds,1,0,0,0,0,10,10,More Guilds,Three times as many Guild locations.,0,0,0,onCreateWorld,multiply,spawnChance,Guild,3,,,,,,,,,,,,,,,,,,,,,,,,,
9734,TRAVEL More Blacksmiths,1,0,0,0,0,10,10,More Blacksmiths,Three times as many Blacksmith locations.,0,0,0,onCreateWorld,multiply,spawnChance,Blacksmith,3,,,,,,,,,,,,,,,,,,,,,,,,,
9735,TRAVEL More Treasures,1,0,0,0,0,10,10,More Treasures,Three times as many Treasure locations.,0,0,0,onCreateWorld,multiply,spawnChance,Treasure,3,,,,,,,,,,,,,,,,,,,,,,,,,
9736,TRAVEL More Campsites,1,0,0,0,0,10,10,More Campsites,Three times as many Campsite locations.,0,0,0,onCreateWorld,multiply,spawnChance,Campsite,3,,,,,,,,,,,,,,,,,,,,,,,,,
9737,TRAVEL More Shops,1,0,0,0,0,10,10,More Shops,Three times as many Shop locations.,0,0,0,onCreateWorld,multiply,spawnChance,Shop,3,,,,,,,,,,,,,,,,,,,,,,,,,
9738,TRAVEL More Wizard Towers,1,0,0,0,0,10,10,More Wizard Towers,Three times as many Wizard's Tower locations.,0,0,0,onCreateWorld,multiply,spawnChance,Wizard's Tower,3,,,,,,,,,,,,,,,,,,,,,,,,,
9740,TRAVEL More Flea Markets,1,0,0,0,0,10,10,More Flea Markets,Three times as many Flea Market locations.,0,0,0,onCreateWorld,multiply,spawnChance,Flea Market,3,,,,,,,,,,,,,,,,,,,,,,,,,
9741,TRAVEL More Doctors,1,0,0,0,0,10,10,More Doctors,Three times as many Doctor locations.,0,0,0,onCreateWorld,multiply,spawnChance,Doctor,3,,,,,,,,,,,,,,,,,,,,,,,,,
9742,TRAVEL More Farms,1,0,0,0,0,10,10,More Farms,Three times as many Farm locations.,0,0,0,onCreateWorld,multiply,spawnChance,Farm,3,,,,,,,,,,,,,,,,,,,,,,,,,
9747,TRAVEL More Piles of Chips,1,0,0,0,0,10,10,More Piles of Chips,Three times as many Pile of Chips locations.,0,0,0,onCreateWorld,multiply,spawnChance,Pile of 3 Chips,3,onCreateWorld,multiply,spawnChance,Pile of 4 Chips,3,onCreateWorld,multiply,spawnChance,Pile of 5 Chips,3,,,,,,,,,,,,,,,
9901,TRAVEL BALANCED travel-purse,1,0,0,0,0,,,Travel Purse,Start with 15 extra chips.,0,0,0,onGameStart,add,chips,15,,,,,,,,,,,,,,,,,,,,,,,,,,
9902,TRAVEL BALANCED resource-pack,1,0,0,0,0,,,Resource Pack,"Start with +5 gems, +5 energy, +10 maximum gems and +10 maximum energy.",0,0,0,onGameStart,add,maxGems,10,,onGameStart,add,gems,5,,onGameStart,add,maxEnergy,10,,onGameStart,add,energy,5,,,,,,,,,,,
9903,TRAVEL BALANCED extra-slots,1,0,0,0,0,,,Extra Slots,Start with two extra item slots.,0,0,0,onGameStart,upgrade,Equipment Slot,2,,,,,,,,,,,,,,,,,,,,,,,,,,
9904,TRAVEL BALANCED shopping-kit,1,0,0,0,0,,,Shopping Kit,Start with a bottled shop and 10 extra chips.,0,0,0,onGameStart,gain,item,149,,onGameStart,add,chips,10,,,,,,,,,,,,,,,,,,,,,
9905,TRAVEL BALANCED consumable-kit,1,0,0,0,0,,,Consumable Kit,Start with three random consumables.,0,0,0,onGameStart,gainRandomConsumables,3,,,,,,,,,,,,,,,,,,,,,,,,,,,
9906,TRAVEL BALANCED draw-stone,1,0,0,0,0,,,Draw Stone,Start with a Drawstone.,0,0,0,onGameStart,gain,item,2,,,,,,,,,,,,,,,,,,,,,,,,,,
9907,TRAVEL BALANCED scavenger,1,0,0,0,0,,,Scavenger,Start with a random item. Gain another random item after defeating a boss.,0,0,0,onGameStart,gainRandomItem,1,,,onFinishedBoss,gainRandomItem,1,,,,,,,,,,,,,,,,,,,,,,
9868,TRAVEL Impostor,1,0,0,0,0,,,Impostor,"Your starting items are swapped out with the items from another hero, chosen randomly.",0,0,0,onGameStart,deleteItems,,,,onGameStart,gainRandomHeroItems,,,,,,,,,,,,,,,,,,,,,,,
9909,TRAVEL BALANCED strong-attacks,1,0,0,0,0,,,Strong Attacks,Your attack damage is increased by 25%.,0,0,0,onGameStart,set,heroAttackModifier,1.25,,,,,,,,,,,,,,,,,,,,,,,,,,
9910,TRAVEL BALANCED shielded,1,0,0,0,0,,,Shielded,Start with Attack Resist 1.,0,0,0,onGameStart,add,resist,attack,1,,,,,,,,,,,,,,,,,,,,,,,,,
9911,TRAVEL BALANCED combat-restoration,1,0,0,0,0,,,Combat Restoration,Heal 7 life after each combat victory.,0,0,0,onCombatWin,add,life,7,,,,,,,,,,,,,,,,,,,,,,,,,,
9912,TRAVEL BALANCED clear-sight,1,0,0,0,0,,,Clear Sight,Reveal one hidden enemy card each round and always preview Lightning.,0,0,0,onCombatRoundStart,reveal,1,,,onCombatStart,alwaysShowNextLightning,,,,,,,,,,,,,,,,,,,,,,,
9913,TRAVEL BALANCED slow-foes,1,0,0,0,0,,,Slow Foes,Enemies have a 25% chance to draw one fewer visible card each round.,0,0,0,onCombatDrawPhase,monsterDrawWithChance,0.25,-1,visible,,,,,,,,,,,,,,,,,,,,,,,,,
9914,TRAVEL BALANCED energy-master,1,0,0,0,0,,,Energy Master,Gain 1 extra energy per world map movement.,0,0,0,onMapMove,add,energy,1,,,,,,,,,,,,,,,,,,,,,,,,,,
9915,TRAVEL BALANCED gem-master,1,0,0,0,0,,,Gem Master,Gain 1 gem each world map movement.,0,0,0,onMapMove,add,gem,1,,,,,,,,,,,,,,,,,,,,,,,,,,
9916,TRAVEL BALANCED sensitivity,1,0,0,0,0,,,Sensitivity,Gain 3 energy whenever you gain life.,0,0,0,onGainLife,add,energy,3,,,,,,,,,,,,,,,,,,,,,,,,,,
9917,TRAVEL BALANCED perfect-rewards,1,0,0,0,0,,,Perfect Rewards,"Each Perfect Kill grants 1 energy, 1 gem and +1 maximum life.",0,0,0,onPerfectKill,addAfterCombat,energy,1,,onPerfectKill,addAfterCombat,gems,1,,onPerfectKill,addAfterCombat,maxLife,1,,,,,,,,,,,,,,,,
9918,TRAVEL BALANCED mercantile,1,0,0,0,0,,,Mercantile,Gain 1 extra chip after each victory. Items scrap for 50% of their price.,0,0,0,onCombatWin,add,chips,1,,onGameStart,multiplyGlobalVariable,itemTrashChipsRatio,2,,,,,,,,,,,,,,,,,,,,,
9919,TRAVEL BALANCED scouting-route,1,0,0,0,0,,,Scouting Route,Start with +3 sight. Tavern spawn weights are doubled.,0,0,0,onGameStart,upgrade,World Map Sight Range,3,,onCreateWorld,multiply,spawnChance,Tavern,2,,,,,,,,,,,,,,,,,,,,
9920,TRAVEL BALANCED restful-route,1,0,0,0,0,,,Restful Route,"Double spawn weights for Inns, Doctors, Campsites, Farms and Wizard Towers.",0,0,0,onCreateWorld,multiply,spawnChance,Inn,2,onCreateWorld,multiply,spawnChance,Doctor,2,onCreateWorld,multiply,spawnChance,Campsite,2,onCreateWorld,multiply,spawnChance,Farm,2,onCreateWorld,multiply,spawnChance,Wizard's Tower,2,,,,,
9921,TRAVEL BALANCED trading-route,1,0,0,0,0,,,Trading Route,"Double spawn weights for Shops, Flea Markets, Blacksmiths and Guilds.",0,0,0,onCreateWorld,multiply,spawnChance,Shop,2,onCreateWorld,multiply,spawnChance,Flea Market,2,onCreateWorld,multiply,spawnChance,Blacksmith,2,onCreateWorld,multiply,spawnChance,Guild,2,,,,,,,,,,
9922,TRAVEL BALANCED treasure-trail,1,0,0,0,0,,,Treasure Trail,Double spawn weights for Treasures and all Piles of Chips.,0,0,0,onCreateWorld,multiply,spawnChance,Treasure,2,onCreateWorld,multiply,spawnChance,Pile of 3 Chips,2,onCreateWorld,multiply,spawnChance,Pile of 4 Chips,2,onCreateWorld,multiply,spawnChance,Pile of 5 Chips,2,,,,,,,,,,
